case_id,area,suite,test_title,expected_result,actual_result,status,duration_ms
 > setup > stg.auth.setup.ts > Latest staging branch: login + storage save,,stg.auth.setup.ts,Latest staging branch: login + storage save,,Observed behavior matched expected outcome.,PASSED,14974
LSB-TC-001,auth,Latest staging branch - login and authenticated landing,LSB-TC-001 login storage opens workspace home,Authenticated user should land on vetted-logos workspace home.,Workspace home opened with authenticated session.,PASSED,16287
LSB-TC-002,auth,Latest staging branch - login and authenticated landing,LSB-TC-002 home reload keeps active session,Reload should not send the user back to login.,Reload preserved the active session.,PASSED,14576
LSB-TC-003,auth,Latest staging branch - login and authenticated landing,LSB-TC-003 home shell renders root layout,Home page should render main/root/application shell.,A main application shell element was visible.,PASSED,15088
LSB-TC-004,auth,Latest staging branch - login and authenticated landing,LSB-TC-004 home page has navigation landmarks,Authenticated home should expose navigation or sidebar controls.,Navigation landmarks were visible on the workspace page.,PASSED,19571
LSB-TC-007,routing,Latest staging branch - route integrity,LSB-TC-007 /vetted-logos/visitors opens without auth bounce,Visitors route should open directly.,Opened /vetted-logos/visitors without redirecting to login.,PASSED,10376
LSB-TC-008,routing,Latest staging branch - route integrity,LSB-TC-008 /vetted-logos/conversations opens without auth bounce,Conversations route should open directly.,Opened /vetted-logos/conversations without redirecting to login.,PASSED,13269
LSB-TC-009,routing,Latest staging branch - route integrity,LSB-TC-009 /vetted-logos/analytics opens without auth bounce,Analytics route should open directly.,Opened /vetted-logos/analytics without redirecting to login.,PASSED,11141
LSB-TC-010,routing,Latest staging branch - route integrity,LSB-TC-010 /vetted-logos/monitor opens without auth bounce,Monitor route should open directly.,Opened /vetted-logos/monitor without redirecting to login.,PASSED,17175
LSB-TC-011,routing,Latest staging branch - route integrity,LSB-TC-011 /vetted-logos/users opens without auth bounce,Users route should open directly.,Opened /vetted-logos/users without redirecting to login.,PASSED,11381
LSB-TC-012,routing,Latest staging branch - route integrity,LSB-TC-012 /vetted-logos/tags opens without auth bounce,Tags route should open directly.,Opened /vetted-logos/tags without redirecting to login.,PASSED,9600
LSB-TC-013,routing,Latest staging branch - route integrity,LSB-TC-013 /vetted-logos/canned-responses opens without auth bounce,Canned responses route should open directly.,Opened /vetted-logos/canned-responses without redirecting to login.,PASSED,10186
LSB-TC-014,routing,Latest staging branch - route integrity,LSB-TC-014 /vetted-logos/widget-settings opens without auth bounce,Widget settings route should open directly.,Opened /vetted-logos/widget-settings without redirecting to login.,PASSED,12034
LSB-TC-015,routing,Latest staging branch - route integrity,LSB-TC-015 /vetted-logos/roles opens without auth bounce,Roles route should open directly.,Opened /vetted-logos/roles without redirecting to login.,PASSED,16488
LSB-TC-016,routing,Latest staging branch - route integrity,LSB-TC-016 /vetted-logos/permissions opens without auth bounce,Permissions route should open directly.,Opened /vetted-logos/permissions without redirecting to login.,PASSED,11618
LSB-TC-017,routing,Latest staging branch - route integrity,LSB-TC-017 /vetted-logos/triggers opens without auth bounce,Triggers route should open directly.,Opened /vetted-logos/triggers without redirecting to login.,PASSED,9951
LSB-TC-018,routing,Latest staging branch - route integrity,LSB-TC-018 /vetted-logos/departments opens without auth bounce,Departments route should open directly.,Opened /vetted-logos/departments without redirecting to login.,PASSED,9670
LSB-TC-019,routing,Latest staging branch - route integrity,LSB-TC-019 /vetted-logos/banned-visitors opens without auth bounce,Banned visitors route should open directly.,Opened /vetted-logos/banned-visitors without redirecting to login.,PASSED,10909
LSB-TC-020,routing,Latest staging branch - route integrity,LSB-TC-020 /vetted-logos/personal opens without auth bounce,Personal route should open directly.,Opened /vetted-logos/personal without redirecting to login.,PASSED,18384
LSB-TC-021,routing,Latest staging branch - route integrity,LSB-TC-021 route sequence remains stable across sections,Sequentially opening several routes should keep the app authenticated and stable.,Visited four key routes in sequence without auth loss.,PASSED,5672
LSB-TC-022,visitors,"Latest staging branch - visitors, chat logs, monitor",LSB-TC-022 visitors page shows data surface,"Visitors page should show a list, table, grid, or card-based data surface.",Visitors page exposed a visible data surface.,PASSED,15953
LSB-TC-023,visitors,"Latest staging branch - visitors, chat logs, monitor",LSB-TC-023 visitors page offers search filter or sort affordance,"Visitors page should expose search, filter, or sort inputs.",Visitors page exposed search/filter/sort affordance.,FAILED,64630
LSB-TC-026,chat-logs,"Latest staging branch - visitors, chat logs, monitor",LSB-TC-026 chat logs page shows conversation surface,"Chat logs page should display rows, threads, or conversation items.",Chat logs surface was visible.,PASSED,16487
LSB-TC-027,chat-logs,"Latest staging branch - visitors, chat logs, monitor",LSB-TC-027 chat logs page includes search affordance,Chat logs page should expose a search or filter control.,Chat logs search/filter affordance was visible.,PASSED,20124
LSB-TC-030,monitor,"Latest staging branch - visitors, chat logs, monitor",LSB-TC-030 monitor page shows dashboard cards or data blocks,"Monitor page should show cards, blocks, widgets, or a metrics surface.",Monitor page showed metrics/dashboard blocks.,PASSED,9951
LSB-TC-031,monitor,"Latest staging branch - visitors, chat logs, monitor",LSB-TC-031 monitor page has refresh or filter affordance,"Monitor page should expose refresh, filter, or date controls.",Monitor page exposed refresh/filter/date affordance.,PASSED,9555
LSB-TC-034,analytics,Latest staging branch - analytics and export reports,LSB-TC-034 analytics page shows charts or data surface,"Analytics page should show charts, graphs, widgets, or report data.",Analytics surface was visible.,PASSED,10788
LSB-TC-035,analytics,Latest staging branch - analytics and export reports,LSB-TC-035 analytics page exposes export reports control,Analytics page should provide Export Reports or an equivalent export/download action.,Export/download control was visible on analytics page.,PASSED,9530
LSB-TC-036,analytics,Latest staging branch - analytics and export reports,LSB-TC-036 analytics export action keeps page responsive,Clicking export should not blank or crash the analytics page.,Export interaction completed without blanking the page.,PASSED,11795
LSB-TC-037,analytics,Latest staging branch - analytics and export reports,LSB-TC-037 analytics page shows date range or period controls,"Analytics page should expose date range, period, or calendar controls.",Date/range control was available on analytics page.,PASSED,9221
LSB-TC-040,users,"Latest staging branch - users, tags, canned, widget settings, personal",LSB-TC-040 users page shows Add User control,"Users page should expose Add User, Invite User, or New User control.",Users creation entry control was visible.,PASSED,9188
LSB-TC-041,users,"Latest staging branch - users, tags, canned, widget settings, personal",LSB-TC-041 users add flow shows email field,Opening Add User should show an email field.,Users form displayed an email field.,PASSED,10794
LSB-TC-042,users,"Latest staging branch - users, tags, canned, widget settings, personal",LSB-TC-042 users add flow accepts draft data and save click,Users add flow should accept draft data and stay responsive after save click.,Users draft entry was filled and save click did not crash the page.,PASSED,9898
LSB-TC-043,tags,"Latest staging branch - users, tags, canned, widget settings, personal",LSB-TC-043 tags page shows Create Tag control,"Tags page should expose Create Tag, New Tag, or Add Tag control.",Tag creation control was visible.,PASSED,10070
LSB-TC-044,tags,"Latest staging branch - users, tags, canned, widget settings, personal",LSB-TC-044 tags create flow shows a name field,Opening Create Tag should show a text input for tag name.,Tag creation form displayed a visible text field.,PASSED,9944
LSB-TC-045,tags,"Latest staging branch - users, tags, canned, widget settings, personal",LSB-TC-045 tags create flow accepts unique tag name,Tags flow should accept a unique name and remain stable on save click.,Unique tag name was entered and save click kept UI responsive.,PASSED,50571
LSB-TC-046,canned-responses,"Latest staging branch - users, tags, canned, widget settings, personal",LSB-TC-046 canned responses page shows Add Response control,Canned Responses page should expose Add Response or equivalent creation control.,Canned response creation control was visible.,PASSED,9385
LSB-TC-047,canned-responses,"Latest staging branch - users, tags, canned, widget settings, personal",LSB-TC-047 canned responses add flow shows editable content field,Opening Add Response should show textarea or editable content area.,Canned response editor became visible.,PASSED,10532
LSB-TC-048,canned-responses,"Latest staging branch - users, tags, canned, widget settings, personal",LSB-TC-048 canned responses flow accepts a response draft,Canned Responses flow should accept text draft and remain stable on save click.,Response draft was entered and save click kept the page responsive.,PASSED,41000
LSB-TC-049,widget-settings,"Latest staging branch - users, tags, canned, widget settings, personal",LSB-TC-049 widget settings page shows Hide Preview affordance,Widget settings page should show Hide Preview or Preview control.,Hide Preview or Preview control was visible.,PASSED,9281
LSB-TC-050,widget-settings,"Latest staging branch - users, tags, canned, widget settings, personal",LSB-TC-050 widget settings page shows Reset control,Widget settings page should show Reset control.,Reset control was visible on widget settings.,PASSED,10093
LSB-TC-051,widget-settings,"Latest staging branch - users, tags, canned, widget settings, personal",LSB-TC-051 widget settings page shows Save Changes control,Widget settings page should show Save Changes control.,Save Changes control was visible on widget settings.,PASSED,9903
LSB-TC-052,widget-settings,"Latest staging branch - users, tags, canned, widget settings, personal",LSB-TC-052 widget settings hide preview plus save stays stable,Toggling Hide Preview and clicking Save Changes should keep the settings page stable.,Widget settings interaction completed without breaking the page.,PASSED,20062
LSB-TC-053,personal,"Latest staging branch - users, tags, canned, widget settings, personal",LSB-TC-053 personal page shows editable profile surface,Personal page should show profile shell with editable fields.,Personal profile shell was visible.,PASSED,9667
LSB-TC-055,personal,"Latest staging branch - users, tags, canned, widget settings, personal",LSB-TC-055 personal page accepts an edit draft and save click,Personal profile should allow editing a visible field and remain stable on Save/Update click.,A personal field was edited and save click kept the page responsive.,PASSED,11357
LSB-TC-056,roles,"Latest staging branch - roles, permissions, triggers, departments, banned visitors",LSB-TC-056 roles page shows Add Role control,"Roles page should expose Add Role, New Role, or Create Role control.",Role creation control was visible.,PASSED,9159
LSB-TC-057,roles,"Latest staging branch - roles, permissions, triggers, departments, banned visitors",LSB-TC-057 roles add flow accepts draft and save click,Roles add flow should accept text draft and remain stable on save click.,Role draft was entered and save click kept UI responsive.,PASSED,50066
LSB-TC-058,permissions,"Latest staging branch - roles, permissions, triggers, departments, banned visitors",LSB-TC-058 permissions page shows Add Permission control,Permissions page should expose Add Permission or Create Permission control.,Permission creation control was visible.,PASSED,19607
LSB-TC-059,permissions,"Latest staging branch - roles, permissions, triggers, departments, banned visitors",LSB-TC-059 permissions add flow accepts draft and save click,Permissions add flow should accept a text draft and remain stable on save click.,Permission draft was entered and save click kept UI responsive.,PASSED,30854
LSB-TC-060,triggers,"Latest staging branch - roles, permissions, triggers, departments, banned visitors",LSB-TC-060 triggers page shows Add Trigger control,"Triggers page should expose Add Trigger, New Trigger, or Create Trigger control.",Trigger creation control was visible.,PASSED,10067
LSB-TC-061,triggers,"Latest staging branch - roles, permissions, triggers, departments, banned visitors",LSB-TC-061 triggers add flow accepts draft and save click,Triggers add flow should accept a text draft and remain stable on save click.,Trigger draft was entered and save click kept UI responsive.,PASSED,10067
LSB-TC-062,departments,"Latest staging branch - roles, permissions, triggers, departments, banned visitors",LSB-TC-062 departments page shows Add Department control,Departments page should expose Add Department or Create Department control.,Department creation control was visible.,PASSED,9394
LSB-TC-063,departments,"Latest staging branch - roles, permissions, triggers, departments, banned visitors",LSB-TC-063 departments add flow accepts draft and save click,Departments add flow should accept a text draft and remain stable on save click.,Department draft was entered and save click kept UI responsive.,PASSED,11019
LSB-TC-064,banned-visitors,"Latest staging branch - roles, permissions, triggers, departments, banned visitors",LSB-TC-064 banned visitors page shows BAN IP Address control,Banned Visitors page should expose Ban IP Address or Block IP control.,Ban IP control was visible.,PASSED,9394
LSB-TC-065,banned-visitors,"Latest staging branch - roles, permissions, triggers, departments, banned visitors",LSB-TC-065 banned visitors flow accepts TEST-NET IP and save click,Ban IP flow should accept a valid TEST-NET IP address and remain stable on submit.,TEST-NET IP draft was entered and submit kept UI responsive.,PASSED,6991
LSB-TC-066,widget,Latest staging branch - public widget checks,LSB-TC-066 widget host page loads on HTTPS,Widget host page should load securely over HTTPS.,Widget host page loaded successfully over HTTPS.,PASSED,5601
LSB-TC-067,widget,Latest staging branch - public widget checks,LSB-TC-067 widget exposes launcher/composer interaction,Widget should expose a launcher or directly visible composer.,Widget composer became reachable.,PASSED,5775
LSB-TC-070,widget,Latest staging branch - public widget checks,LSB-TC-070 widget allows attaching a text file,Widget should expose file upload and accept a text file attachment.,Widget accepted a text file attachment input.,PASSED,14926
LSB-TC-071,widget,Latest staging branch - public widget checks,LSB-TC-071 widget allows attaching an image file,Widget should expose file upload and accept an image attachment.,Widget accepted an image file attachment input.,PASSED,13296
